[
	{
		"entity": "minecraft:zombie",
		"weight": 15,
		"nbt": "{HandItems:[{id:air,Count:1},{id:iron_pickaxe,Count:1}]}"
	},
	{
		"entity": "zombie_extreme:bomber",
		"weight": 5,
		"min_spawns": 1,
		"max_spawns": 5
	},
	{
		"entity": "zombie_extreme:inflated",
		"weight": 5,
		"min_spawns": 1,
		"max_spawns": 3
	},
	{
		"entity": "undead_revamp2:theheavy",
		"weight": 5,
		"min_spawns": 1,
		"max_spawns": 2
	},
	{
		"entity": "zombie_extreme:demolisher",
		"weight": 5,
		"min_spawns": 1,
		"max_spawns": 2
	},
	{
		"entity": "undead_revamp2:thepregnant",
		"weight": 2,
		"min_spawns": 1,
		"max_spawns": 3
	}
]