[
    {
      "phase": "after_day1",
      "hostile": true,
      "result": "deny"
    },
    {
      "hostile": true,
      "dimension": "minecraft:overworld",
      "mincount": {
        "hostile": true,
        "amount": 350
      },
      "result": "deny"
    },
    {
      "hostile": true,
      "dimension": "minecraft:overworld",
      "mincount": {
        "amount": 15,
        "hostile": true,
        "perchunk": true
      },
      "result": "deny"
    },
    {
        "hostile": true,
        "dimension": "minecraft:overworld",
        "minlight": 4,
        "maxlight": 15,
        "result": "deny"
    },
    {
      "mob": "minecraft:villager",
      "dimension": "minecraft:overworld",
      "biome": ["biomesoplenty:wasteland", "biomesoplenty:wooded_wasteland"],
      "result": "deny"
    },
    {
        "mod": "mutationcraft",
        "dimension": "minecraft:overworld",
        "mincount": {
          "mod": "mutationcraft",
          "amount": 20,
          "perchunk": true
        },
        "onjoin": true,
        "result": "deny"
    },
    {
        "mod": "undead_revamp2",
        "dimension": "minecraft:overworld",
        "mincount": {
          "amount": 40,
          "mod": "undead_revamp2",
          "perchunk": true
        },
        "onjoin": true,
        "result": "deny"
    },
    {
      "mob": "minecraft:blaze",
      "dimension": "minecraft:overworld",
      "mincount": {
        "mob": "minecraft:blaze",
        "amount": 5,
        "perchunk": true
      },
      "result": "deny"
    },
    {
      "mod": "apocalypsenow",
      "dimension": "minecraft:overworld",
      "mincount": {
        "mod": "apocalypsenow",
        "amount": 2,
        "perchunk": true
      },
      "result": "deny"
    },
    {
        "mob": ["alexsmobs:leafcutter_ant"],
        "dimension": "minecraft:overworld",
        "onjoin": true,
        "result": "deny"
    },
    {
        "mob": ["mutationcraft:necroptor", "mutationcraft:miter"],
        "dimension": "minecraft:overworld",
        "onjoin": true,
        "result": "deny"
    },
    {
        "mob": ["minecraft:zombie", "minecraft:husk", "minecraft:drowned"],
        "dimension": "minecraft:overworld",
        "baby": true,
        "onjoin": true,
        "result": "deny"
    },
    {
      "mob": "quark:shiba",
      "dimension": "minecraft:overworld",
      "inbuilding": true,
      "incity": true,
      "minlight": 0,
      "maxlight": 3,
      "minheight": 71,
      "result": "allow"
    },
    {
      "mob": "minecraft:villager",
      "dimension": "minecraft:overworld",
      "incontrol": true,
      "incity": true,
      "minlight": 0,
      "maxlight": 3,
      "minheight": 71,
      "result": "allow"
    },
    {
      "mob": ["minecraft:pillager", "minecraft:vindicator"],
      "dimension": "minecraft:overworld",
      "minspawndist": 10000,
      "incontrol": true,
      "inbuilding": true,
      "incity": true,
      "minlight": 0,
      "maxlight": 3,
      "minheight": 71,
      "result": "allow"
    },
    {
      "mob": ["minecraft:pillager", "minecraft:vindicator"],
      "dimension": "minecraft:overworld",
      "result": "deny"
    },
    {
      "mob": "undead_revamp2:thepregnant",
      "dimension": "minecraft:overworld",
      "building": [
        "c70cities:multi_hospital_0",
        "c70cities:multi_hospital_1",
        "c70cities:multi_hospital_2",
        "c70cities:multi_hospital_3"],
      "incity": true,
      "minlight": 0,
      "maxlight": 3,
      "minheight": 61,
      "result": "allow",
      "armoradd": 8.0
    },
    {
      "mob": "undead_revamp2:theordure",
      "dimension": "minecraft:overworld",
      "instreet": false,
      "incity": true,
      "minlight": 0,
      "maxlight": 3,
      "minheight": 71,
      "result": "allow",
      "armoradd": 2.0
    },
    {
      "mob": "undead_revamp2:thespitter",
      "dimension": "minecraft:overworld",
      "biome": ["biomesoplenty:wasteland", "biomesoplenty:wooded_wasteland"],
      "incity": true,
      "minlight": 0,
      "maxlight": 3,
      "minheight": 61,
      "result": "allow",
      "armoradd": 4.0
    },
    {
      "mob": "undead_revamp2:the_moonflower",
      "biome": ["biomesoplenty:mediterranean_forest",
                "biomesoplenty:mystic_grove",
                "biomesoplenty:cherry_blossom_grove",
                "biomesoplenty:bamboo_grove",
                "biomesoplenty:clover_patch",
                "biomesoplenty:pumpkin_patch",
                "biomesoplenty:fir_clearing",
                "biomesoplenty:shrubland",
                "biomesoplenty:scrubland",
                "biomesoplenty:grassland",
                "biomesoplenty:pasture",
                "biomesoplenty:prairie",
                "biomesoplenty:dryland",
                "biomesoplenty:lavender_forest",
                "biomesoplenty:forested_field",
                "minecraft:stony_shore"],
      "dimension": "minecraft:overworld",
      "instreet": true,
      "incity": true,
      "minlight": 0,
      "maxlight": 3,
      "minheight": 71,
      "result": "allow",
      "healthadd": -16
    },
    {
      "mob": "undead_revamp2:bomber",
      "biome": [
                "minecraft:plains",
                "minecraft:savanna",
                "minecraft:sunflower_plains",
                "minecraft:snowy_plains",
                "minecraft:snowy_taiga",
                "minecraft:grove",
                "biomesoplenty:field",
                "biomesoplenty:lavender_field"],
      "dimension": "minecraft:overworld",
      "incity": true,
      "minlight": 0,
      "maxlight": 3,
      "minheight": 71,
      "result": "allow",
      "armoradd": 2.0
    },
    {
      "mob": "undead_revamp2:thesmoker",
      "dimension": "minecraft:overworld",
      "minlight": 0,
      "maxlight": 3,
      "minheight": 45,
      "result": "allow",
      "armoradd": 2.0
    },
    {
        "mob": ["undead_revamp2:thebidy",
                "undead_revamp2:thespitter",
                "undead_revamp2:thepregnant",
                "zombie_extreme:clicker",
                "zombie_extreme:devastated"],
        "building": [
            "c70cities:multi_militarybase_0",
            "c70cities:multi_militarybase_1",
            "c70cities:multi_militarybase_2",
            "c70cities:multi_militarybase_3",
            "c70cities:multi_militarybase_4",
            "c70cities:multi_militarybase_5",
            "c70cities:multi_laboratory1_0",
            "c70cities:multi_laboratory1_1",
            "c70cities:multi_laboratory1_2",
            "c70cities:multi_laboratory1_3",
            "c70cities:multi_laboratory1_4",
            "c70cities:multi_laboratory1_5",
            "c70cities:multi_laboratory1_6",
            "c70cities:multi_laboratory1_7",
            "c70cities:multi_laboratory1_8",
            "c70cities:multi_laboratory1_9",
            "c70cities:multi_laboratory1_10",
            "c70cities:multi_laboratory1_11",
            "c70cities:multi_laboratory1_12",
            "c70cities:multi_laboratory1_13",
            "c70cities:multi_laboratory1_14"],
        "biome": ["biomesoplenty:wasteland", "biomesoplenty:wooded_wasteland"],
        "minlight": 0,
        "maxlight": 3,
        "seesky": false,
        "result": "allow",
        "healthadd": 30.0,
        "damageadd": 5.0,
        "armoradd": 6.0
    },
    {
        "mob": ["undead_revamp2:theheavy"],
        "building": [
            "c70cities:multi_militarybase_0",
            "c70cities:multi_militarybase_1",
            "c70cities:multi_militarybase_2",
            "c70cities:multi_militarybase_3",
            "c70cities:multi_militarybase_4",
            "c70cities:multi_militarybase_5",
            "c70cities:multi_laboratory1_0",
            "c70cities:multi_laboratory1_1",
            "c70cities:multi_laboratory1_2",
            "c70cities:multi_laboratory1_3",
            "c70cities:multi_laboratory1_4",
            "c70cities:multi_laboratory1_5",
            "c70cities:multi_laboratory1_6",
            "c70cities:multi_laboratory1_7",
            "c70cities:multi_laboratory1_8",
            "c70cities:multi_laboratory1_9",
            "c70cities:multi_laboratory1_10",
            "c70cities:multi_laboratory1_11",
            "c70cities:multi_laboratory1_12",
            "c70cities:multi_laboratory1_13",
            "c70cities:multi_laboratory1_14"],
        "biome": ["biomesoplenty:wasteland", "biomesoplenty:wooded_wasteland"],
        "minlight": 0,
        "maxlight": 3,
        "seesky": false,
        "result": "allow",
        "healthadd": 100.0,
        "damageadd": 25.0,
        "armoradd": 30.0
    },
    {
        "mob": ["undead_revamp2:clogger"],
        "building": [
            "c70cities:multi_militarybase_0",
            "c70cities:multi_militarybase_1",
            "c70cities:multi_militarybase_2",
            "c70cities:multi_militarybase_3",
            "c70cities:multi_militarybase_4",
            "c70cities:multi_militarybase_5",
            "c70cities:multi_laboratory1_0",
            "c70cities:multi_laboratory1_1",
            "c70cities:multi_laboratory1_2",
            "c70cities:multi_laboratory1_3",
            "c70cities:multi_laboratory1_4",
            "c70cities:multi_laboratory1_5",
            "c70cities:multi_laboratory1_6",
            "c70cities:multi_laboratory1_7",
            "c70cities:multi_laboratory1_8",
            "c70cities:multi_laboratory1_9",
            "c70cities:multi_laboratory1_10",
            "c70cities:multi_laboratory1_11",
            "c70cities:multi_laboratory1_12",
            "c70cities:multi_laboratory1_13",
            "c70cities:multi_laboratory1_14"],
        "biome": ["biomesoplenty:wasteland", "biomesoplenty:wooded_wasteland"],
        "minlight": 0,
        "maxlight": 3,
        "seesky": true,
        "result": "allow",
        "healthadd": 200.0,
        "damageadd": 20.0,
        "armoradd": 40.0
    },
    {
        "mob": ["undead_revamp2:thespectre"],
        "building": [
            "c70cities:multi_laboratory1_0",
            "c70cities:multi_laboratory1_1",
            "c70cities:multi_laboratory1_2",
            "c70cities:multi_laboratory1_3",
            "c70cities:multi_laboratory1_4",
            "c70cities:multi_laboratory1_5",
            "c70cities:multi_laboratory1_6",
            "c70cities:multi_laboratory1_7",
            "c70cities:multi_laboratory1_8",
            "c70cities:multi_laboratory1_9",
            "c70cities:multi_laboratory1_10",
            "c70cities:multi_laboratory1_11",
            "c70cities:multi_laboratory1_12",
            "c70cities:multi_laboratory1_13",
            "c70cities:multi_laboratory1_14"],
        "biome": ["biomesoplenty:wasteland", "biomesoplenty:wooded_wasteland"],
        "minlight": 0,
        "maxlight": 3,
        "seesky": false,
        "result": "allow",
        "healthadd": 50.0,
        "damageadd": 15.0,
        "armoradd": 10.0
    },
    {
        "mob": ["undead_revamp2:thegliter"],
        "building": [
            "c70cities:multi_militarybase_0",
            "c70cities:multi_militarybase_1",
            "c70cities:multi_militarybase_2",
            "c70cities:multi_militarybase_3",
            "c70cities:multi_militarybase_4",
            "c70cities:multi_militarybase_5",
            "c70cities:multi_laboratory1_0",
            "c70cities:multi_laboratory1_1",
            "c70cities:multi_laboratory1_2",
            "c70cities:multi_laboratory1_3",
            "c70cities:multi_laboratory1_4",
            "c70cities:multi_laboratory1_5",
            "c70cities:multi_laboratory1_6",
            "c70cities:multi_laboratory1_7",
            "c70cities:multi_laboratory1_8",
            "c70cities:multi_laboratory1_9",
            "c70cities:multi_laboratory1_10",
            "c70cities:multi_laboratory1_11",
            "c70cities:multi_laboratory1_12",
            "c70cities:multi_laboratory1_13",
            "c70cities:multi_laboratory1_14"],
        "biome": ["biomesoplenty:wasteland", "biomesoplenty:wooded_wasteland"],
        "minlight": 0,
        "maxlight": 3,
        "seesky": false,
        "result": "allow",
        "healthadd": 50.0,
        "damageadd": 20.0,
        "speedmultiply": 1.25,
        "armoradd": 16.0
    },
    {
        "mob": ["zombie_extreme:infected_hazmat",
                "zombie_extreme:bomber",
                "zombie_extreme:boomer",
                "zombie_extreme:clicker",
                "zombie_extreme:devastated"],
        "building": [
            "c70cities:multi_militarybase_0",
            "c70cities:multi_militarybase_1",
            "c70cities:multi_militarybase_2",
            "c70cities:multi_militarybase_3",
            "c70cities:multi_militarybase_4",
            "c70cities:multi_militarybase_5",
            "c70cities:multi_laboratory1_0",
            "c70cities:multi_laboratory1_1",
            "c70cities:multi_laboratory1_2",
            "c70cities:multi_laboratory1_3",
            "c70cities:multi_laboratory1_4",
            "c70cities:multi_laboratory1_5",
            "c70cities:multi_laboratory1_6",
            "c70cities:multi_laboratory1_7",
            "c70cities:multi_laboratory1_8",
            "c70cities:multi_laboratory1_9",
            "c70cities:multi_laboratory1_10",
            "c70cities:multi_laboratory1_11",
            "c70cities:multi_laboratory1_12",
            "c70cities:multi_laboratory1_13",
            "c70cities:multi_laboratory1_14"],
        "biome": ["biomesoplenty:wasteland", "biomesoplenty:wooded_wasteland"],
        "minlight": 0,
        "maxlight": 3,
        "seesky": false,
        "result": "allow",
        "healthadd": 60.0,
        "damageadd": 15.0,
        "armoradd": 20.0
    },
    {
        "mob": ["zombie_extreme:crawler",
                "zombie_extreme:runner",
                "zombie_extreme:infected_police",
                "zombie_extreme:demolisher"],
        "biome": ["biomesoplenty:wasteland", "biomesoplenty:wooded_wasteland"],
        "result": "deny"
    },
    {
        "mob": ["zombie_extreme:crawler",
                "zombie_extreme:runner"],
        "dimension": "minecraft:overworld",
        "minlight": 0,
        "maxlight": 3,
        "minheight": 54,
        "result": "allow"
    },
    {
        "mob": ["zombie_extreme:infected_police"],
        "building": [
          "c70cities:building_policeoffice1",
          "c70cities:building_policeoffice1_90",
          "c70cities:building_policeoffice1_180",
          "c70cities:building_policeoffice1_270"],
        "minlight": 0,
        "maxlight": 3,
        "minheight": 61,
        "result": "allow",
        "armorhelmet": "apocalypsenow:police_helmet",
        "armorchest": "apocalypsenow:police_chestplate",
        "armorlegs": "apocalypsenow:police_leggings",
        "armorboots": "apocalypsenow:police_boots",
        "healthadd": 30.0
    },
    {
        "mob": ["zombie_extreme:infected_police"],
        "dimension": "minecraft:overworld",
        "incity": true,
        "minlight": 0,
        "maxlight": 3,
        "minheight": 61,
        "random": 0.2,
        "result": "allow",
        "armorhelmet": "apocalypsenow:police_helmet",
        "armorchest": "apocalypsenow:police_chestplate",
        "armorlegs": "apocalypsenow:police_leggings",
        "armorboots": "apocalypsenow:police_boots",
        "healthadd": 15.0
    },
    {
        "mob": ["zombie_extreme:demolisher"],
        "dimension": "minecraft:overworld",
        "incity": true,
        "instreet": true,
        "minlight": 0,
        "maxlight": 3,
        "minheight": 61,
        "result": "allow",
        "healthadd": 150.0,
        "damageadd": 25.0,
        "armoradd": 40.0,
        "nbt": {
          "Attributes": [
            {
              "Base": 2.0,
              "Name": "forge:step_height_addition"
            }
          ]
        }
    },
    {
      "mob": ["zombie_extreme:rat_king", "zombie_extreme:demolisher", "zombie_extreme:patient_zero"],
      "dimension": "minecraft:overworld",
      "incontrol": false,
      "onjoin": true,
      "continue": true,
      "healthadd": 500.0,
      "damageadd": 50.0,
      "armoradd": 40.0,
      "nbt": {
        "Attributes": [
          {
            "Base": 3.0,
            "Name": "forge:step_height_addition"
          }
        ]
      }
    },
    {
        "mob": ["zombie_extreme:bomber",
                "zombie_extreme:boomer",
                "zombie_extreme:clicker",
                "zombie_extreme:devastated"],
        "biome": ["biomesoplenty:wasteland", "biomesoplenty:wooded_wasteland"],
        "dimension": "minecraft:overworld",
        "minlight": 0,
        "maxlight": 3,
        "minheight": 54,
        "result": "allow",
        "healthadd": 20.0
    },
    {
        "mob": ["zombie_extreme:infected_military",
                "zombie_extreme:infected_hazmat"],
        "biome": ["biomesoplenty:wasteland", "biomesoplenty:wooded_wasteland"],
        "incity": true,
        "minlight": 0,
        "maxlight": 3,
        "minheight": 61,
        "result": "allow",
        "healthadd": 30.0,
        "damageadd": 10.0,
        "armoradd": 14.0
    },
    {
        "mob": ["zombie_extreme:inflated"],
        "biome": ["biomesoplenty:wasteland", "biomesoplenty:wooded_wasteland"],
        "incity": true,
        "instreet": true,
        "minlight": 0,
        "maxlight": 3,
        "minheight": 61,
        "result": "allow",
        "healthadd": 20.0,
        "damageadd": 10.0,
        "armoradd": 6.0
    },
    {
        "mob": ["zombie_extreme:infected_juggernaut"],
        "building": [
          "c70cities:multi_militarybase_0",
          "c70cities:multi_militarybase_1",
          "c70cities:multi_militarybase_2",
          "c70cities:multi_militarybase_3",
          "c70cities:multi_militarybase_4",
          "c70cities:multi_militarybase_5"],
        "biome": ["biomesoplenty:wasteland", "biomesoplenty:wooded_wasteland"],
        "minlight": 0,
        "maxlight": 3,
        "minheight": 61,
        "result": "allow",
        "healthadd": 150.0,
        "damageadd": 25.0,
        "armoradd": 20.0
    },
    {
      "mob": ["zombie_extreme:faceless",
              "zombie_extreme:revived"],
      "dimension": "minecraft:overworld",
      "biome": ["biomesoplenty:wasteland", "biomesoplenty:wooded_wasteland"],
      "incity": false,
      "minlight": 0,
      "maxlight": 3,
      "result": "allow",
      "healthadd": 20.0,
      "damageadd": 5.0,
      "speedmultiply": 1.5
    },
    {
        "mob": ["minecraft:zombie", "minecraft:husk", "minecraft:drowned"],
        "dimension": "minecraft:overworld",
        "incity": false,
        "onjoin": true,
        "continue": true,
        "minheight": 61,
        "random": 0.15,
        "result": "default",
        "armorhelmet": ["apocalypsenow:black_motorcycle_helmet_helmet",
                        "apocalypsenow:red_motorcycle_helmet_helmet",
                        "apocalypsenow:bikers_helmet",
                        "apocalypsenow:red_bikers_helmet",
                        "apocalypsenow:black_bikers_helmet",
                        "apocalypsenow:green_bikers_helmet"]
    },
    {
        "mob": ["minecraft:zombie", "minecraft:husk", "minecraft:drowned"],
        "dimension": "minecraft:overworld",
        "biome": ["minecraft:beach"],
        "onjoin": true,
        "continue": true,
        "random": 0.3,
        "result": "default",
        "armorchest": ["apocalypsenow:life_jacket_bullet_helmet_chestplate" ]
    },
    {
        "mob": ["minecraft:zombie", "minecraft:husk", "minecraft:drowned"],
        "dimension": "minecraft:overworld",
        "biome": ["minecraft:snowy_plains", "minecraft:snowy_taiga", "minecraft:snowy_slopes"],
        "onjoin": true,
        "continue": true,
        "random": 0.3,
        "result": "default",
        "armorhelmet": ["apocalypsenow:hunting_helmet"],
        "armorchest": ["apocalypsenow:hunting_chestplate"]
    },
    {
        "mob": ["minecraft:zombie", "minecraft:husk", "minecraft:drowned"],
        "dimension": "minecraft:overworld",
        "building": [
          "c70cities:multi_hospital_0",
          "c70cities:multi_hospital_1",
          "c70cities:multi_hospital_2",
          "c70cities:multi_hospital_3"],
        "onjoin": true,
        "continue": true,
        "minheight": 61,
        "random": 0.2,
        "result": "default",
        "armorhelmet": "apocalypsenow:nurse_helmet",
        "armorchest": "apocalypsenow:nurse_chestplate",
        "armorlegs": "apocalypsenow:nurse_leggings",
        "armorboots": "apocalypsenow:nurse_boots"
    },
    {
        "mob": ["minecraft:zombie", "minecraft:husk", "minecraft:drowned"],
        "dimension": "minecraft:overworld",
        "biome": ["biomesoplenty:mediterranean_forest",
                  "biomesoplenty:mystic_grove",
                  "biomesoplenty:cherry_blossom_grove",
                  "biomesoplenty:bamboo_grove",
                  "biomesoplenty:clover_patch",
                  "biomesoplenty:pumpkin_patch",
                  "biomesoplenty:fir_clearing",
                  "biomesoplenty:shrubland",
                  "biomesoplenty:scrubland",
                  "biomesoplenty:grassland",
                  "biomesoplenty:pasture",
                  "biomesoplenty:prairie",
                  "biomesoplenty:dryland",
                  "biomesoplenty:lavender_forest",
                  "biomesoplenty:forested_field",
                  "minecraft:stony_shore"],
        "incity": true,
        "onjoin": true,
        "continue": true,
        "minheight": 61,
        "random": 0.1,
        "result": "default",
        "armorhelmet": "apocalypsenow:fire_figther_helmet",
        "armorchest": "apocalypsenow:fire_figther_chestplate",
        "armorlegs": "apocalypsenow:fire_figther_leggings",
        "armorboots": "apocalypsenow:fire_figther_boots"
    },
    {
        "mob": ["minecraft:zombie", "minecraft:husk", "minecraft:drowned"],
        "dimension": "minecraft:overworld",
        "biome": [
					"minecraft:plains",
					"minecraft:savanna",
					"minecraft:sunflower_plains",
					"minecraft:snowy_plains",
					"minecraft:snowy_taiga",
					"minecraft:grove",
					"biomesoplenty:field",
					"biomesoplenty:lavender_field"],
        "incity": true,
        "onjoin": true,
        "continue": true,
        "minheight": 61,
        "random": 0.1,
        "result": "default",
        "armorhelmet": "apocalypsenow:red_football_armor_helmet",
        "armorchest": "apocalypsenow:red_football_armor_chestplate",
        "armorlegs": "apocalypsenow:red_football_armor_leggings",
        "armorboots": "apocalypsenow:red_football_armor_boots"
    },
    {
        "mob": ["minecraft:zombie", "minecraft:husk", "minecraft:drowned"],
        "dimension": "minecraft:overworld",
        "biome": [
					"minecraft:plains",
					"minecraft:savanna",
					"minecraft:sunflower_plains",
					"minecraft:snowy_plains",
					"minecraft:snowy_taiga",
					"minecraft:grove",
					"biomesoplenty:field",
					"biomesoplenty:lavender_field"],
        "incity": true,
        "onjoin": true,
        "continue": true,
        "minheight": 61,
        "random": 0.1,
        "result": "default",
        "armorhelmet": "apocalypsenow:blue_football_armor_helmet",
        "armorchest": "apocalypsenow:blue_football_armor_chestplate",
        "armorlegs": "apocalypsenow:blue_football_armor_leggings",
        "armorboots": "apocalypsenow:blue_football_armor_boots"
    },
    {
        "mob": ["minecraft:zombie", "minecraft:husk", "minecraft:drowned"],
        "dimension": "minecraft:overworld",
        "incity": true,
        "onjoin": true,
        "continue": true,
        "minheight": 61,
        "random": 0.05,
        "result": "default",
        "armorhelmet": "apocalypsenow:u_sarmy_helmet",
        "armorchest": "apocalypsenow:u_sarmy_chestplate",
        "armorlegs": "apocalypsenow:u_sarmy_leggings",
        "armorboots": "apocalypsenow:u_sarmy_boots"
    },
    {
        "mob": ["minecraft:zombie", "minecraft:husk", "minecraft:drowned"],
        "dimension": "minecraft:overworld",
        "incity": true,
        "onjoin": true,
        "continue": true,
        "minheight": 61,
        "random": 0.1,
        "result": "default",
        "armorhelmet": "apocalypsenow:construction_helmet",
        "armorchest": "apocalypsenow:construction_chestplate",
        "armorlegs": "apocalypsenow:construction_leggings",
        "armorboots": "apocalypsenow:construction_boots"
    },
    {
        "mob": ["minecraft:zombie", "minecraft:husk", "minecraft:drowned"],
        "dimension": "minecraft:overworld",
        "building": [
          "c70cities:multi_militarybase_0",
          "c70cities:multi_militarybase_1",
          "c70cities:multi_militarybase_2",
          "c70cities:multi_militarybase_3",
          "c70cities:multi_militarybase_4",
          "c70cities:multi_militarybase_5"],
        "onjoin": true,
        "continue": true,
        "minheight": 40,
        "result": "default",
        "damageadd": 20.0,
        "healthadd": 60.0,
        "armorhelmet": "apocalypsenow:canadian_army_helmet",
        "armorchest": "apocalypsenow:canadian_army_chestplate",
        "armorlegs": "apocalypsenow:canadian_army_leggings",
        "armorboots": "apocalypsenow:canadian_army_boots",
        "armoradd": 20.0
    },
    {
        "mob": ["zombie_extreme:infected_hazmat"],
        "dimension": "minecraft:overworld",
        "incity": true,
        "onjoin": true,
        "continue": true,
        "minheight": 61,
        "random": 0.15,
        "minspawndist": 10000,
        "result": "default",
        "armorhelmet": "apocalypsenow:hazmat_suit_helmet",
        "armorchest": "apocalypsenow:hazmat_suit_chestplate",
        "armorlegs": "apocalypsenow:hazmat_suit_leggings",
        "armorboots": "apocalypsenow:hazmat_suit_boots",
        "damageadd": 20.0,
        "healthadd": 40.0
    },
    {
        "mob": ["minecraft:zombie", "minecraft:husk", "minecraft:drowned"],
        "dimension": "minecraft:overworld",
        "incity": true,
        "onjoin": true,
        "continue": true,
        "minheight": 61,
        "random": 0.01,
        "minspawndist": 10000,
        "result": "default",
        "nbt": {
            "HandItems":[
              {
                "id":"air",
                "Count":1
              },
              {
                "id":"fishing_rod",
                "Count":1
              }]
          }
    },
    {
        "mob": ["minecraft:zombie", "minecraft:husk", "minecraft:drowned"],
        "dimension": "minecraft:overworld",
        "building": [
          "c70cities:multi_laboratory1_0",
          "c70cities:multi_laboratory1_1",
          "c70cities:multi_laboratory1_2",
          "c70cities:multi_laboratory1_3",
          "c70cities:multi_laboratory1_4",
          "c70cities:multi_laboratory1_5",
          "c70cities:multi_laboratory1_6",
          "c70cities:multi_laboratory1_7",
          "c70cities:multi_laboratory1_8",
          "c70cities:multi_laboratory1_9",
          "c70cities:multi_laboratory1_10",
          "c70cities:multi_laboratory1_11",
          "c70cities:multi_laboratory1_12",
          "c70cities:multi_laboratory1_13",
          "c70cities:multi_laboratory1_14"],
        "random": 0.1,
        "onjoin": true,
        "continue": true,
        "result": "default",
        "armorhelmet": "apocalypsenow:hazmat_suit_helmet",
        "armorchest": "apocalypsenow:hazmat_suit_chestplate",
        "armorlegs": "apocalypsenow:hazmat_suit_leggings",
        "armorboots": "apocalypsenow:hazmat_suit_boots"
    },
    {
        "mob": ["minecraft:zombie", "minecraft:husk", "minecraft:drowned"],
        "dimension": "minecraft:overworld",
        "building": [
          "c70cities:multi_laboratory1_0",
          "c70cities:multi_laboratory1_1",
          "c70cities:multi_laboratory1_2",
          "c70cities:multi_laboratory1_3",
          "c70cities:multi_laboratory1_4",
          "c70cities:multi_laboratory1_5",
          "c70cities:multi_laboratory1_6",
          "c70cities:multi_laboratory1_7",
          "c70cities:multi_laboratory1_8",
          "c70cities:multi_laboratory1_9",
          "c70cities:multi_laboratory1_10",
          "c70cities:multi_laboratory1_11",
          "c70cities:multi_laboratory1_12",
          "c70cities:multi_laboratory1_13",
          "c70cities:multi_laboratory1_14"],
        "random": 0.1,
        "onjoin": true,
        "continue": true,
        "result": "default",
        "armorhelmet": "apocalypsenow:biohazard_helmet",
        "armorchest": "apocalypsenow:biohazard_chestplate",
        "armorlegs": "apocalypsenow:biohazard_leggings",
        "armorboots": "apocalypsenow:biohazard_boots"
    },
    {
        "mob": ["minecraft:zombie", "minecraft:husk", "minecraft:drowned"],
        "dimension": "minecraft:overworld",
        "building": [
          "c70cities:multi_laboratory1_0",
          "c70cities:multi_laboratory1_1",
          "c70cities:multi_laboratory1_2",
          "c70cities:multi_laboratory1_3",
          "c70cities:multi_laboratory1_4",
          "c70cities:multi_laboratory1_5",
          "c70cities:multi_laboratory1_6",
          "c70cities:multi_laboratory1_7",
          "c70cities:multi_laboratory1_8",
          "c70cities:multi_laboratory1_9",
          "c70cities:multi_laboratory1_10",
          "c70cities:multi_laboratory1_11",
          "c70cities:multi_laboratory1_12",
          "c70cities:multi_laboratory1_13",
          "c70cities:multi_laboratory1_14"],
        "onjoin": true,
        "continue": true,
        "result": "default",
        "damageadd": 20.0,
        "healthadd": 40.0,
        "armoradd": 20.0
    },
    {
        "mob": ["minecraft:zombie", "minecraft:husk", "minecraft:drowned"],
        "dimension": "minecraft:overworld",
        "building": [
          "c70cities:multi_laboratory1_0",
          "c70cities:multi_laboratory1_1",
          "c70cities:multi_laboratory1_2",
          "c70cities:multi_laboratory1_3",
          "c70cities:multi_laboratory1_4",
          "c70cities:multi_laboratory1_5",
          "c70cities:multi_laboratory1_6",
          "c70cities:multi_laboratory1_7",
          "c70cities:multi_laboratory1_8",
          "c70cities:multi_laboratory1_9",
          "c70cities:multi_laboratory1_10",
          "c70cities:multi_laboratory1_11",
          "c70cities:multi_laboratory1_12",
          "c70cities:multi_laboratory1_13",
          "c70cities:multi_laboratory1_14"],
        "onjoin": true,
        "continue": true,
        "random": 0.02,
        "result": "default",
        "nbt": {
            "HandItems":[
              {
                "id":"air",
                "Count":1
              },
              {
                "id":"iron_pickaxe",
                "Count":1
              }]
          }
    },
    {
        "mob": ["minecraft:zombie", "minecraft:husk", "minecraft:drowned"],
        "dimension": "minecraft:overworld",
        "onjoin": true,
        "continue": true,
        "random": 0.02,
        "difficulty": "hard",
        "result": "default",
        "nbt": {
            "HandItems":[
              {
                "id":"air",
                "Count":1
              },
              {
                "id":"iron_pickaxe",
                "Count":1
              }]
          }
    },
    {
        "mob": ["minecraft:zombie", "minecraft:husk", "minecraft:drowned"],
        "dimension": "minecraft:overworld",
        "incity": true,
        "onjoin": true,
        "continue": true,
        "minheight": 61,
        "random": 0.02,
        "minspawndist": 10000,
        "result": "default",
        "nbt": {
            "HandItems":[
              {
                "id":"air",
                "Count":1
              },
              {
                "id":"iron_pickaxe",
                "Count":1
              }]
          }
    },
    {
        "mob": ["minecraft:zombie", "minecraft:husk", "minecraft:drowned"],
        "dimension": "minecraft:overworld",
        "biome": ["biomesoplenty:wasteland", "biomesoplenty:wooded_wasteland"],
        "minheight": 61,
        "result": "deny"
    },
    {
        "mod": "mutationcraft",
        "building": [
            "c70cities:multi_laboratory1_0",
            "c70cities:multi_laboratory1_1",
            "c70cities:multi_laboratory1_2",
            "c70cities:multi_laboratory1_3",
            "c70cities:multi_laboratory1_4",
            "c70cities:multi_laboratory1_5",
            "c70cities:multi_laboratory1_6",
            "c70cities:multi_laboratory1_7",
            "c70cities:multi_laboratory1_8",
            "c70cities:multi_laboratory1_9",
            "c70cities:multi_laboratory1_10",
            "c70cities:multi_laboratory1_11",
            "c70cities:multi_laboratory1_12",
            "c70cities:multi_laboratory1_13",
            "c70cities:multi_laboratory1_14"],
        "onjoin": true,
        "result": "deny"
    },
    {
      "mob": ["mutationcraft:assimilated_bear",
              "mutationcraft:assimilated_cow",
              "mutationcraft:assimilated_donkey",
              "mutationcraft:assimilated_horse",
              "mutationcraft:assimilated_fox",
              "mutationcraft:assimilated_sheep",
              "mutationcraft:assimilated_villager",
              "mutationcraft:assimilated_wolf",
              "mutationcraft:assimilated_roamer",
              "mutationcraft:developed_roamer"
            ],
      "biome": ["biomesoplenty:wasteland", "biomesoplenty:wooded_wasteland"],
      "minlight": 0,
      "maxlight": 3, 
      "incity": false,
      "seesky": true,
      "result": "allow"
    },
    {
      "mob": ["mutationcraft:assimilated_bear",
              "mutationcraft:assimilated_cow",
              "mutationcraft:assimilated_donkey",
              "mutationcraft:assimilated_horse",
              "mutationcraft:assimilated_fox",
              "mutationcraft:assimilated_sheep",
              "mutationcraft:assimilated_villager",
              "mutationcraft:assimilated_wolf"
            ],
      "dimension": "minecraft:overworld",
      "minlight": 0,
      "maxlight": 3, 
      "incity": false,
      "seesky": true,
      "minspawndist": 15000,
      "result": "allow"
    },
    {
      "mob": ["mutationcraft:assimilated_human",
              "mutationcraft:human_stage_1",
              "mutationcraft:human_stage_2",
              "mutationcraft:human_stage_3"],
      "dimension": "minecraft:overworld",
      "biome": ["biomesoplenty:wasteland", "biomesoplenty:wooded_wasteland"],
      "minlight": 0,
      "maxlight": 3, 
      "incity": true,
      "onjoin": true,
      "result": "allow"
    },
    {
      "mob": ["mutationcraft:assimilated_human",
              "mutationcraft:human_stage_1",
              "mutationcraft:human_stage_2",
              "mutationcraft:human_stage_3"],
      "dimension": "minecraft:overworld",
      "minlight": 0,
      "maxlight": 3,
      "incity": true,
      "minspawndist": 15000,
      "result": "allow",
      "damageadd": 20.0,
      "healthadd": 40.0
    },
    {
      "mob": ["mutationcraft:reductor"],
      "dimension": "minecraft:overworld",
      "minlight": 0,
      "maxlight": 3,
      "minspawndist": 15000,
      "result": "allow",
      "damageadd": 20.0,
      "healthadd": 40.0
    },
    {
      "mob": "mutationcraft:resenter",
      "minlight": 0,
      "maxlight": 3,
      "incity": true,
      "instreet": true,
      "nodespawn": true,
      "minspawndist": 15000,
      "result": "allow",
      "damageadd": 150.0,
      "healthadd": 500.0,
      "armoradd": 10.0,
      "nbt": {
        "Attributes": [
          {
            "Base": 6.0,
            "Name": "generic.armor_toughness"
          }
        ]
      }
    },
    {
      "mob": "mutationcraft:resenter",
      "incontrol": false,
      "damageadd": 150.0,
      "healthadd": 500.0,
      "armoradd": 10.0,
      "nbt": {
        "Attributes": [
          {
            "Base": 6.0,
            "Name": "generic.armor_toughness"
          }
        ]
      }
    },
    {
      "mob": "mutationcraft:human_herder",
      "dimension": "minecraft:overworld",
      "minlight": 0,
      "maxlight": 3,
      "building": [
          "c70cities:multi_megatower1_0",
          "c70cities:multi_megatower1_1",
          "c70cities:multi_megatower1_2",
          "c70cities:multi_megatower1_3",
          "c70cities:multi_megatower1_4",
          "c70cities:multi_megatower1_5",
          "c70cities:multi_megatower1_6",
          "c70cities:multi_megatower1_7",
          "c70cities:multi_megatower1_8"
      ],
      "block": ["minecraft:moss_block", "minecraft:grass_block"],
      "nodespawn": true,
      "result": "allow",
      "damageadd": 75.0,
      "healthadd": 250.0,
      "armoradd": 10.0,
      "followrangeset": 128.0,
      "nbt": {
        "Attributes": [
          {
            "Base": 4.0,
            "Name": "generic.armor_toughness"
          }
        ]
      }
    },
    {
      "mob": "mutationcraft:human_herder",
      "dimension": "minecraft:overworld",
      "incontrol": false,
      "onjoin": true,
      "continue": true,
      "damageadd": 75.0,
      "healthadd": 250.0,
      "armoradd": 10.0,
      "nbt": {
        "Attributes": [
          {
            "Base": 4.0,
            "Name": "generic.armor_toughness"
          }
        ]
      }
    },
    {
      "mob": "mutationcraft:the_intoxicator",
      "biome": ["biomesoplenty:wasteland", "biomesoplenty:wooded_wasteland"],
      "minlight": 0,
      "maxlight": 3, 
      "seesky": true,
      "instreet": true,
      "nodespawn": true,
      "healthadd": 2000.0,
      "damageadd": 500.0,
      "result": "allow",
      "armoradd": 20.0,
      "followrangeset": 128.0,
      "nbt": {
        "Attributes": [
          {
            "Base": 20.0,
            "Name": "generic.armor_toughness"
          },
          {
            "Base": 10.0,
            "Name": "forge:step_height_addition"
          }
        ]
      }
    },
    {
        "mob": ["minecraft:zombie", "minecraft:husk", "minecraft:drowned"],
        "dimension": "minecraft:overworld",
        "minlight": 0,
        "maxlight": 3,
        "seesky": true,
        "result": "allow"
    },
    {
        "mob": "minecraft:blaze",
        "dimension": "minecraft:overworld",
        "minlight": 0,
        "maxlight": 3, 
        "seesky": true,
        "biome": ["biomesoplenty:volcanic_plains", "biomesoplenty:volcano"],
        "result": "allow"
    },
    {
        "mob": "minecraft:hoglin",
        "dimension": "minecraft:overworld",
        "minlight": 0,
        "maxlight": 3, 
        "seesky": true,
        "biome": ["biomesoplenty:volcanic_plains", "biomesoplenty:volcano"],
        "result": "allow"
    },
    {
        "mob": "crittersandcompanions:otter",
        "dimension": "minecraft:overworld",
        "incontrol": true,
        "category": "river",
        "result": "allow"
    },
    {
        "mob": ["minecraft:zombie", "minecraft:husk", "minecraft:drowned"],
        "dimension": "minecraft:overworld",
        "mincount": {
          "mob": ["minecraft:zombie", "minecraft:husk", "minecraft:drowned"],
          "amount": 100,
          "perchunk": true
        },
        "result": "deny"
    },
    {
      "mob": "quark:shiba",
      "dimension": "minecraft:overworld",
      "mincount": {
        "mob": "quark:shiba",
        "amount": 2,
        "perchunk": true
      },
      "result": "deny"
    },
    {
      "mob": "minecraft:villager",
      "dimension": "minecraft:overworld",
      "mincount": {
        "mob": "minecraft:villager",
        "amount": 10,
        "perchunk": true
      },
      "result": "deny"
    },
    {
      "mob": "minecraft:hoglin",
      "dimension": "minecraft:overworld",
      "mincount": {
        "mob": "minecraft:hoglin",
        "amount": 6,
        "perchunk": true
      },
      "result": "deny"
    },
    {
        "mod": "alexsmobs",
        "dimension": "minecraft:overworld",
        "mincount": {
          "amount": 4,
          "mod": "alexsmobs",
          "perchunk": true
        },
        "result": "deny"
    },
    {
        "mod": "crittersandcompanions",
        "dimension": "minecraft:overworld",
        "mincount": {
          "amount": 4,
          "mod": "crittersandcompanions",
          "perchunk": true
        },
        "result": "deny"
    },
    {
        "mob": "crittersandcompanions:otter",
        "dimension": "minecraft:overworld",
        "result": "deny"
    },
    {
      "mob": "minecraft:hoglin",
      "dimension": "minecraft:overworld",
      "result": "deny"
    },
    {
      "mob": "minecraft:spider",
      "dimension": "minecraft:overworld", 
      "result": "deny"
    },
    {
      "mob": [
              "minecraft:creeper",
              "minecraft:enderman",
              "minecraft:skeleton",
              "minecraft:witch",
              "minecraft:stray",
              "minecraft:phantom",
              "minecraft:witch",
              "minecraft:skeleton_horse",
              "quark:forgotten",
              "alexsmobs:bone_serpent",
              "alexsmobs:bunfungus",
              "alexsmobs:centipede_head",
              "alexsmobs:bone_serpent",
              "alexsmobs:flutter",
              "alexsmobs:froststalker",
              "alexsmobs:dropbear",
              "alexsmobs:guster",
              "alexsmobs:sunbird",
              "alexsmobs:straddler",
              "alexsmobs:spectre",
              "alexsmobs:bone_serpent",
              "alexsmobs:soul_vulture",
              "alexsmobs:sea_bear",
              "alexsmobs:mungus",
              "alexsmobs:void_worm",
              "alexsmobs:toucan"],
      "dimension": "minecraft:overworld",
      "result": "deny"
    },
    {
      "mod": "zombie_extreme",
      "dimension": "minecraft:overworld",
      "result": "deny"
    },
    {
      "mod": "mutationcraft",
      "dimension": "minecraft:overworld",
      "result": "deny"
    },
    {
      "mob": "minecraft:villager",
      "dimension": "minecraft:overworld",
      "incontrol": true,
      "result": "deny"
    },
    {
      "mob": "quark:shiba",
      "dimension": "minecraft:overworld",
      "result": "deny"
    },
    {
      "mob": "minecraft:blaze",
      "dimension": "minecraft:overworld",
      "result": "deny"
    },
    {
      "mod": "undead_revamp2",
      "dimension": "minecraft:overworld",
      "result": "deny"
    },
    {
      "mod": "apocalypsenow",
      "dimension": "minecraft:overworld",
      "result": "deny"
    },
    {
      "mod": "artifacts",
      "dimension": "minecraft:overworld",
      "onjoin": true,
      "result": "deny"
    },
    {
      "hostile": true,
		  "dimension": "deceasedcraft:abyss",
      "mincount": {
        "hostile": true,
        "amount": 350
      },
      "result": "deny"
    },
    {
      "hostile": true,
		  "dimension": "deceasedcraft:abyss",
      "mincount": {
        "amount": 15,
        "hostile": true,
        "perchunk": true
      },
      "result": "deny"
    },
    {
        "hostile": true,
        "dimension": "deceasedcraft:abyss",
        "minlight": 4,
        "maxlight": 15,
        "result": "deny"
    },
    {
      "mod": "zombiemobs",
      "dimension": "minecraft:overworld",
      "minspawndist": 15000,
      "onjoin": true,
      "result": "deny"
    },
    {
      "mob": ["zombiemobs:zombie_llama", "zombiemobs:zombie_ocelot", "zombiemobs:zombie_cat"],
      "onjoin": true,
      "dimension": "minecraft:overworld",
      "result": "deny"
    },
    {
      "mod": "zombiemobs",
      "dimension": "minecraft:overworld",
      "onjoin": true,
      "incity": true,
      "result": "deny"
    },
    {
      "mod": "zombiemobs",
      "dimension": "minecraft:overworld",
      "biome": ["biomesoplenty:wasteland", "biomesoplenty:wooded_wasteland"],
      "onjoin": true,
      "result": "deny"
    },
    {
      "mod": "zombiemobs",
      "dimension": "minecraft:overworld",
      "seesky": false,
      "onjoin": true,
      "result": "deny"
    },
    {
      "mod": "zombiemobs",
      "dimension": "minecraft:overworld",
      "onjoin": true,
      "continue": true,
      "result": "default",
      "speedmultiply": 0.5
    },
    {
      "mod": "zombiemobs",
      "dimension": "minecraft:overworld",
      "onjoin": true,
      "continue": true,
      "difficulty": "easy",
      "result": "default",
      "healthmultiply": 0.5,
      "damagemultiply": 0.5
    },
    {
      "mod": "zombiemobs",
      "dimension": "minecraft:overworld",
      "onjoin": true,
      "continue": true,
      "difficulty": "normal",
      "result": "default",
      "speedmultiply": 1.0,
      "healthmultiply": 1.0,
      "damagemultiply": 1.0
    },
    {
      "mod": "zombiemobs",
      "dimension": "minecraft:overworld",
      "onjoin": true,
      "continue": true,
      "difficulty": "hard",
      "result": "default",
      "speedmultiply": 1.25,
      "damagemultiply": 1.25,
      "healthmultiply": 1.5,
      "followrangeset": 128.0 
    },
    {
      "mod": "zombiemobs",
      "dimension": "minecraft:overworld",
      "minlight": 0,
      "maxlight": 3,
      "incity": false,
      "seesky": true,
      "onjoin": true,
      "random": 0.3,
      "result": "allow"
    },
    {
      "mod": "zombiemobs",
      "dimension": "minecraft:overworld",
      "onjoin": true,
      "result": "deny"
    },
    {
      "dimension": "minecraft:overworld",
      "onjoin": true,
      "hostile": true,
      "difficulty": "easy",
      "result": "default",
      "healthmultiply": 0.5,
      "damagemultiply": 0.5
    },
    {
      "dimension": "minecraft:overworld",
      "onjoin": true,
      "hostile": true,
      "difficulty": "normal",
      "result": "default",
      "speedmultiply": 1.0,
      "healthmultiply": 1.0,
      "damagemultiply": 1.0
    },
    {
      "dimension": "minecraft:overworld",
      "onjoin": true,
      "hostile": true,
      "difficulty": "hard",
      "result": "default",
      "speedmultiply": 1.2,
      "damagemultiply": 1.2,
      "armormultiply": 1.2,
      "healthmultiply": 2.0,
      "followrangeset": 128.0 
    },
    {
      "mob": ["minecraft:spider",
              "minecraft:cave_spider"],
		  "dimension": "deceasedcraft:abyss",
      "minlight": 0,
      "maxlight": 3,
      "result": "allow",
      "healthadd": 30.0,
      "speedmultiply": 1.5
    },
    {
      "mob": "alexsmobs:crimson_mosquito",
		  "dimension": "deceasedcraft:abyss",
      "minlight": 0,
      "maxlight": 3,
      "result": "allow",
      "healthadd": 30.0
    },
    {
      "mob": ["zombie_extreme:inflated",
              "zombie_extreme:fetus",
              "zombie_extreme:divided",
              "zombie_extreme:goon"],
		  "dimension": "deceasedcraft:abyss",
      "minlight": 0,
      "maxlight": 3,
      "result": "allow",
      "healthadd": 50.0,
      "damageadd": 20.0,
      "armoradd": 16.0,
      "followrangeset": 128.0
    },
    {
      "mob": ["zombie_extreme:patient_zero",
              "zombie_extreme:rat_king"],
		  "dimension": "deceasedcraft:abyss",
      "minlight": 0,
      "maxlight": 3,
      "result": "allow",
      "healthadd": 250.0,
      "damageadd": 200.0,
      "armoradd": 30.0,
      "followrangeset": 128.0,
      "nbt": {
        "Attributes": [
          {
            "Base": 3.0,
            "Name": "forge:step_height_addition"
          }
        ]
      }
    },
    {
      "mob": "mutationcraft:parasitic_shooter",
		  "dimension": "deceasedcraft:abyss",
      "minlight": 0,
      "maxlight": 3, 
      "result": "allow",
      "damageadd": 50.0,
      "healthadd": 100.0,
      "armoradd": 20.0,
      "followrangeset": 128.0
    },
    {
      "mob": "mutationcraft:assimilated_jockey",
      "dimension": "deceasedcraft:abyss",
      "minlight": 0,
      "maxlight": 3,
      "result": "allow",
      "damageadd": 20.0,
      "speedmultiply": 2.0,
      "armoradd": 10.0,
      "followrangeset": 128.0
    },
    {
      "mob": ["alexsmobs:centipede_body", "alexsmobs:centipede_tail"],
		  "dimension": "deceasedcraft:abyss",
      "onjoin": true,
      "result": "default",
      "damageadd": 50.0,
      "healthadd": 500.0,
      "armoradd": 20.0
    },
    {
      "mob": ["alexsmobs:centipede_head"],
		  "dimension": "deceasedcraft:abyss",
      "minlight": 0,
      "maxlight": 3, 
      "result": "allow",
      "damageadd": 100.0,
      "healthadd": 500.0,
      "armoradd": 30.0,
      "followrangeset": 128.0,
      "nbt": {
        "SegCount": 20
      }
    },
    {
      "mob": ["mutationcraft:human_herder",
              "mutationcraft:resenter"],
      "dimension": "deceasedcraft:abyss",
      "minlight": 0,
      "maxlight": 3,
      "result": "allow",
      "damageadd": 200.0,
      "healthadd": 750.0,
      "armoradd": 12.0,
      "followrangeset": 128.0,
      "nbt": {
        "Attributes": [
          {
            "Base": 12.0,
            "Name": "generic.armor_toughness"
          }
        ]
      }
    },
    {
      "mod": "zombie_extreme",
		  "dimension": "deceasedcraft:abyss",
      "result": "deny"
    },
    {
      "mod": "artifacts",
		  "dimension": "deceasedcraft:abyss",
      "onjoin": true,
      "result": "deny"
    },
    {
      "mob": [
              "minecraft:creeper",
              "minecraft:enderman",
              "minecraft:skeleton",
              "minecraft:witch",
              "minecraft:stray",
              "minecraft:phantom",
              "minecraft:witch",
              "minecraft:skeleton_horse",
              "quark:forgotten",
              "alexsmobs:bone_serpent",
              "alexsmobs:bunfungus",
              "alexsmobs:bone_serpent",
              "alexsmobs:flutter",
              "alexsmobs:froststalker",
              "alexsmobs:dropbear",
              "alexsmobs:guster",
              "alexsmobs:sunbird",
              "alexsmobs:straddler",
              "alexsmobs:spectre",
              "alexsmobs:bone_serpent",
              "alexsmobs:soul_vulture",
              "alexsmobs:sea_bear",
              "alexsmobs:mungus",
              "alexsmobs:void_worm",
              "alexsmobs:toucan"],
      "dimension": "deceasedcraft:abyss",
      "result": "deny"
    },
    {
      "dimension": "deceasedcraft:abyss",
      "onjoin": true,
      "hostile": true,
      "difficulty": "easy",
      "healthmultiply": 0.5,
      "damagemultiply": 0.5
    },
    {
      "dimension": "deceasedcraft:abyss",
      "onjoin": true,
      "hostile": true,
      "difficulty": "normal",
      "speedmultiply": 1.0,
      "healthmultiply": 1.0,
      "damagemultiply": 1.0
    },
    {
      "dimension": "deceasedcraft:abyss",
      "onjoin": true,
      "hostile": true,
      "difficulty": "hard",
      "speedmultiply": 1.2,
      "damagemultiply": 1.2,
      "armormultiply": 1.2,
      "healthmultiply": 2.0,
      "followrangeset": 128.0 
    }
]