{
  "armorSetName": "armors.biker.title",
  "head": {
    "itemKey": "apocalypsenow:bikers_helmet",
    "mixAndMatch": [
      "apocalypsenow:red_bikers_helmet",
      "apocalypsenow:pink_bikers_helmet",
      "apocalypsenow:black_bikers_helmet",
      "apocalypsenow:green_bikers_helmet"
    ]
  },
  "fullSetBonuses": [
    {
      "type": "effect",
      "name": "minecraft:nausea",
      "interactionType": "immunity",
      "description": "armors.nausea",
      "onlyImmuneToNewEffects": true
    },
    {
      "type": "effect",
      "name": "minecraft:blindness",
      "interactionType": "immunity",
      "description": "armors.blindness",
      "onlyImmuneToNewEffects": true
    }
  ],
  "hideGeneratedTooltip": false
}