{
  "armorSetName": "armors.soldier.title",
  "head": {
    "itemKey": "apocalypsenow:soldier_helmet",
    "mixAndMatch": [
      "apocalypsenow:spec_ops_helmet"
    ]
  },
  "chest": {
    "itemKey": "apocalypsenow:soldier_chestplate"
  },
  "legs": {
    "itemKey": "apocalypsenow:soldier_leggings"
  },
  "boots": {
    "itemKey": "apocalypsenow:soldier_boots"
  },
  "mainHand": {
    "itemKey": "tac:m60",
    "mixAndMatch": [
      "tac:dp28",
      "tac:rpg7",
      "tac:rpk",
      "tac:m249"
    ]
  },
  "partialBonusRequiredAmount": 4,
  "partialSetBonuses": [
    {
      "type": "effect",
      "name": "minecraft:resistance",
      "value": 1.0,
      "interactionType": "self",
      "interactionDuration": 300,
      "description": "armors.soldier.description_reduction",
      "hideBonusDescription": false
    },
    {
      "type": "attribute",
      "name": "minecraft:generic.movement_speed",
      "value": 0.15,
      "interactionType": "self",
      "attributeOperation": 1,
      "modifierUUID": "1da48952-92c1-11ee-b9d1-0242ac120002",
      "description": "armors.soldier.description_movement",
      "hideBonusDescription": false
    },
    {
      "type": "attribute",
      "name": "forge:step_height_addition",
      "value": 0.5,
      "interactionType": "self",
      "attributeOperation": 0,
      "modifierUUID": "24b3859a-937f-11ee-b9d1-0242ac120002",
      "description": "armors.soldier.description_height",
      "hideBonusDescription": false
    },
    {
      "type": "effect",
      "name": "minecraft:weakness",
      "interactionType": "immunity",
      "description": "armors.soldier.description_weakness",
      "onlyImmuneToNewEffects": true
    }
  ],
  "fullSetBonuses": [
    {
      "type": "attribute",
      "name": "puffish_skills:player.ranged_damage",
      "value": 0.25,
      "interactionType": "self",
      "attributeOperation": 1,
      "modifierUUID": "2028b798-92c1-11ee-b9d1-0242ac120002",
      "description": "armors.soldier.description_heavy",
      "hideBonusDescription": false
    },
    {
      "type": "effect",
      "name": "minecraft:resistance",
      "value": 1.0,
      "interactionType": "self",
      "interactionDuration": 300,
      "description": "armors.soldier.description_reduction",
      "hideBonusDescription": false
    },
    {
      "type": "attribute",
      "name": "minecraft:generic.movement_speed",
      "value": 0.15,
      "interactionType": "self",
      "attributeOperation": 1,
      "modifierUUID": "2b40e650-92c1-11ee-b9d1-0242ac120002",
      "description": "armors.soldier.description_movement",
      "hideBonusDescription": false
    },
    {
      "type": "attribute",
      "name": "forge:step_height_addition",
      "value": 0.5,
      "interactionType": "self",
      "attributeOperation": 0,
      "modifierUUID": "28bd5c6a-937f-11ee-b9d1-0242ac120002",
      "description": "armors.soldier.description_height",
      "hideBonusDescription": false
    },
    {
      "type": "effect",
      "name": "minecraft:weakness",
      "interactionType": "immunity",
      "description": "armors.soldier.description_weakness",
      "onlyImmuneToNewEffects": true
    }
  ],
  "hideGeneratedTooltip": false
}